{"cameraMode":{"drawMode":0,"name":"Shaded","section":"Shading Mode"},"sceneLighting":true,"audioPlay":false,"sceneViewState":{"showFog":true,"showMaterialUpdate":false,"showSkybox":true,"showFlares":true,"showImageEffects":true,"showParticleSystems":true},"in2DMode":false,"pivot":{"x":7.789466381072998,"y":0.0000025737133455550067,"z":-8.221860885620118},"rotation":{"x":-0.02144833654165268,"y":0.9172752499580383,"z":-0.049865707755088809,"w":-0.39453792572021487},"size":10.0,"orthographic":false}